状态	文件路径	重命名后路径
D	assets/en/private_quarters/PRIVATE_QUARTERS_INTERACT.BUTTON.png	-
D	assets/en/private_quarters/PRIVATE_QUARTERS_INTERACT.png	-
D	assets/en/private_quarters/PRIVATE_QUARTERS_INTERACT_CHECK.png	-
D	assets/en/private_quarters/PRIVATE_QUARTERS_LOADING_CHECK.png	-
D	assets/en/private_quarters/PRIVATE_QUARTERS_PAGE_LEFT.png	-
D	assets/en/private_quarters/PRIVATE_QUARTERS_PAGE_RIGHT.png	-
D	assets/en/private_quarters/PRIVATE_QUARTERS_ROOM_CHECK.png	-
D	assets/en/private_quarters/PRIVATE_QUARTERS_ROOM_SAFE_CLICK_AREA.png	-
D	assets/en/private_quarters/PRIVATE_QUARTERS_ROOM_TARGET_CHECK_1.png	-
D	assets/en/private_quarters/PRIVATE_QUARTERS_ROOM_TARGET_CHECK_2.png	-
D	assets/en/private_quarters/PRIVATE_QUARTERS_ROOM_TARGET_CHECK_3.png	-
D	assets/en/private_quarters/PRIVATE_QUARTERS_ROOM_TARGET_CLICK_AREA.png	-
D	assets/en/private_quarters/PRIVATE_QUARTERS_ROOM_TARGET_INTIMACY_MAX.png	-
D	assets/en/private_quarters/PRIVATE_QUARTERS_SHIP_AEGIR.png	-
D	assets/en/private_quarters/PRIVATE_QUARTERS_SHIP_ANCHORAGE.png	-
D	assets/en/private_quarters/PRIVATE_QUARTERS_SHIP_NEW_JERSEY.png	-
D	assets/en/private_quarters/PRIVATE_QUARTERS_SHIP_TAIHOU.png	-
D	assets/en/private_quarters/PRIVATE_QUARTERS_SHOP_AMOUNT_MAX.png	-
D	assets/en/private_quarters/PRIVATE_QUARTERS_SHOP_BACK.BUTTON.png	-
D	assets/en/private_quarters/PRIVATE_QUARTERS_SHOP_BACK.png	-
D	assets/en/private_quarters/PRIVATE_QUARTERS_SHOP_ENTER.png	-
D	assets/en/private_quarters/PRIVATE_QUARTERS_SHOP_GEMS.png	-
D	assets/en/private_quarters/PRIVATE_QUARTERS_SHOP_GOLD_COINS.png	-
D	assets/en/private_quarters/PRIVATE_QUARTERS_SHOP_WEEKLY_CAKES_GET.png	-
D	assets/en/private_quarters/PRIVATE_QUARTERS_SHOP_WEEKLY_ROSES_CHECK.png	-
D	assets/en/private_quarters/PRIVATE_QUARTERS_SHOP_WEEKLY_ROSES_GET.png	-
D	assets/jp/private_quarters/PRIVATE_QUARTERS_INTERACT.BUTTON.png	-
D	assets/jp/private_quarters/PRIVATE_QUARTERS_INTERACT.png	-
D	assets/jp/private_quarters/PRIVATE_QUARTERS_INTERACT_CHECK.png	-
D	assets/jp/private_quarters/PRIVATE_QUARTERS_LOADING_CHECK.png	-
D	assets/jp/private_quarters/PRIVATE_QUARTERS_PAGE_LEFT.png	-
M	assets/jp/private_quarters/PRIVATE_QUARTERS_PAGE_LOCALE_VILLA.png	-
D	assets/jp/private_quarters/PRIVATE_QUARTERS_PAGE_RIGHT.png	-
D	assets/jp/private_quarters/PRIVATE_QUARTERS_ROOM_CHECK.png	-
D	assets/jp/private_quarters/PRIVATE_QUARTERS_ROOM_SAFE_CLICK_AREA.png	-
D	assets/jp/private_quarters/PRIVATE_QUARTERS_ROOM_TARGET_CHECK_1.png	-
D	assets/jp/private_quarters/PRIVATE_QUARTERS_ROOM_TARGET_CHECK_2.png	-
D	assets/jp/private_quarters/PRIVATE_QUARTERS_ROOM_TARGET_CHECK_3.png	-
D	assets/jp/private_quarters/PRIVATE_QUARTERS_ROOM_TARGET_CLICK_AREA.png	-
D	assets/jp/private_quarters/PRIVATE_QUARTERS_ROOM_TARGET_INTIMACY_MAX.png	-
D	assets/jp/private_quarters/PRIVATE_QUARTERS_SHIP_AEGIR.png	-
D	assets/jp/private_quarters/PRIVATE_QUARTERS_SHIP_ANCHORAGE.png	-
D	assets/jp/private_quarters/PRIVATE_QUARTERS_SHIP_TAIHOU.png	-
D	assets/jp/private_quarters/PRIVATE_QUARTERS_SHOP_AMOUNT_MAX.png	-
D	assets/jp/private_quarters/PRIVATE_QUARTERS_SHOP_BACK.BUTTON.png	-
D	assets/jp/private_quarters/PRIVATE_QUARTERS_SHOP_BACK.png	-
D	assets/jp/private_quarters/PRIVATE_QUARTERS_SHOP_ENTER.png	-
D	assets/jp/private_quarters/PRIVATE_QUARTERS_SHOP_GEMS.png	-
D	assets/jp/private_quarters/PRIVATE_QUARTERS_SHOP_WEEKLY_CAKES_GET.png	-
D	assets/jp/private_quarters/PRIVATE_QUARTERS_SHOP_WEEKLY_ROSES_CHECK.png	-
D	assets/jp/private_quarters/PRIVATE_QUARTERS_SHOP_WEEKLY_ROSES_GET.png	-
A	assets/tw/combat_ui/PAUSE_Ritual.png	-
D	assets/tw/private_quarters/PRIVATE_QUARTERS_DAILY_COUNT.png	-
D	assets/tw/private_quarters/PRIVATE_QUARTERS_INTERACT.BUTTON.png	-
D	assets/tw/private_quarters/PRIVATE_QUARTERS_INTERACT.png	-
D	assets/tw/private_quarters/PRIVATE_QUARTERS_INTERACT_CHECK.png	-
D	assets/tw/private_quarters/PRIVATE_QUARTERS_LOADING_CHECK.png	-
D	assets/tw/private_quarters/PRIVATE_QUARTERS_PAGE_LEFT.png	-
M	assets/tw/private_quarters/PRIVATE_QUARTERS_PAGE_LOCALE_VILLA.png	-
D	assets/tw/private_quarters/PRIVATE_QUARTERS_ROOM_CHECK.png	-
D	assets/tw/private_quarters/PRIVATE_QUARTERS_ROOM_SAFE_CLICK_AREA.png	-
D	assets/tw/private_quarters/PRIVATE_QUARTERS_ROOM_TARGET_CHECK_1.png	-
D	assets/tw/private_quarters/PRIVATE_QUARTERS_ROOM_TARGET_CHECK_2.png	-
D	assets/tw/private_quarters/PRIVATE_QUARTERS_ROOM_TARGET_CHECK_3.png	-
D	assets/tw/private_quarters/PRIVATE_QUARTERS_ROOM_TARGET_CLICK_AREA.png	-
D	assets/tw/private_quarters/PRIVATE_QUARTERS_ROOM_TARGET_INTIMACY_MAX.png	-
D	assets/tw/private_quarters/PRIVATE_QUARTERS_SHIP_AEGIR.png	-
D	assets/tw/private_quarters/PRIVATE_QUARTERS_SHIP_ANCHORAGE.png	-
D	assets/tw/private_quarters/PRIVATE_QUARTERS_SHIP_NEW_JERSEY.png	-
D	assets/tw/private_quarters/PRIVATE_QUARTERS_SHIP_TAIHOU.png	-
D	assets/tw/private_quarters/PRIVATE_QUARTERS_SHOP_AMOUNT_MAX.png	-
D	assets/tw/private_quarters/PRIVATE_QUARTERS_SHOP_BACK.BUTTON.png	-
D	assets/tw/private_quarters/PRIVATE_QUARTERS_SHOP_BACK.png	-
M	assets/tw/private_quarters/PRIVATE_QUARTERS_SHOP_CHECK.png	-
M	assets/tw/private_quarters/PRIVATE_QUARTERS_SHOP_CONFIRM_AMOUNT.BUTTON.png	-
M	assets/tw/private_quarters/PRIVATE_QUARTERS_SHOP_CONFIRM_AMOUNT.png	-
D	assets/tw/private_quarters/PRIVATE_QUARTERS_SHOP_ENTER.png	-
D	assets/tw/private_quarters/PRIVATE_QUARTERS_SHOP_GEMS.png	-
D	assets/tw/private_quarters/PRIVATE_QUARTERS_SHOP_GOLD_COINS.png	-
D	assets/tw/private_quarters/PRIVATE_QUARTERS_SHOP_WEEKLY_CAKES_GET.png	-
D	assets/tw/private_quarters/PRIVATE_QUARTERS_SHOP_WEEKLY_ROSES_CHECK.png	-
D	assets/tw/private_quarters/PRIVATE_QUARTERS_SHOP_WEEKLY_ROSES_GET.png	-
M	campaign/Readme.md	-
M	campaign/event_20240912_cn/campaign_base.py	-
M	docs/modules/campaign.md	-
M	docs/modules/game/misc.md	-
M	docs/modules/webui/api.md	-
M	docs/modules/webui/index.md	-
M	docs/modules/webui/runtime.md	-
M	frontend/README.md	-
M	frontend/public/theme.css	-
M	frontend/src/api/types.ts	-
A	frontend/src/components/LauncherCard.test.tsx	-
A	frontend/src/components/LauncherCard.tsx	-
M	frontend/src/components/SearchHits.tsx	-
M	frontend/src/components/TaskNavFlyout.tsx	-
M	frontend/src/components/TaskNavTree.tsx	-
M	frontend/src/components/taskNavItems.test.ts	-
M	frontend/src/components/taskNavItems.ts	-
M	frontend/src/pages/Settings.test.tsx	-
M	frontend/src/pages/Settings.tsx	-
M	frontend/src/pages/TaskConfig.tsx	-
M	frontend/src/styles/components.css	-
M	frontend/src/styles/legacy-palette.css	-
M	frontend/src/styles/minimal-palette.css	-
M	frontend/src/styles/tokens.css	-
M	module/api/app.py	-
A	module/api/launcher_api.py	-
M	module/api/search_service.py	-
M	module/campaign/run.py	-
M	module/combat_ui/assets.py	-
M	module/config/argument/args.json	-
M	module/config/i18n/en-US.json	-
M	module/config/i18n/ja-JP.json	-
M	module/config/i18n/zh-CN.json	-
M	module/config/i18n/zh-MIAO.json	-
M	module/config/i18n/zh-TW.json	-
M	module/gacha/gacha_reward.py	-
M	module/island/island_business.py	-
M	module/island/island_mine_forest.py	-
M	module/island/island_rancher.py	-
M	module/os_shop/selector.py	-
M	module/private_quarters/assets.py	-
M	module/private_quarters/interact.py	-
M	module/private_quarters/private_quarters.py	-
M	module/shop/base.py	-
A	tests/fixtures/campaign_event_navigation/README.md	-
A	tests/fixtures/campaign_event_navigation/crimson.png	-
A	tests/fixtures/campaign_event_navigation/light.png	-
A	tests/test_campaign_event_navigation.py	-
A	tests/test_gacha_ticket.py	-
A	tests/test_launcher_api.py	-
A	tests/test_private_quarters_interact.py	-
M	tests/test_resource_flow.py	-
M	tests/test_search_content.py	-
