M	.gitignore
A	0
M	AGENTS.md
M	alas.py
A	assets/cn/island/ALAS_TECHNOLOGY_TAB1.png
A	assets/cn/island_business/TEMPLATE_BUSINESS_PRODUCT_GRILL_LEMON_SHRIMP.png
A	assets/cn/island_daily_order/ALAS_ORDER_ACCEPT.png
A	assets/cn/island_daily_order/ALAS_ORDER_BACKGROUND.png
A	assets/cn/island_daily_order/ALAS_ORDER_COOLDOWN_SPEED_UP.png
A	assets/cn/island_daily_order/ALAS_ORDER_COOLDOWN_TIME.png
A	assets/cn/island_daily_order/ALAS_ORDER_LEVEL_UP.png
A	assets/cn/island_daily_order/ALAS_ORDER_REJECT.png
A	assets/cn/island_daily_order/ALAS_ORDER_REQUIREMENTS_CHECK.png
A	assets/cn/island_daily_order/ALAS_ORDER_URGENT_ACCEPT.png
A	assets/cn/island_exchange/ALAS_EXCHANGE_CONFIRM.png
A	assets/cn/island_exchange/ALAS_EXCHANGE_GOTO_SHOP.png
A	assets/cn/island_exchange/ALAS_EXCHANGE_SHOP_CHECK.png
A	assets/cn/island_exchange/ALAS_EXCHANGE_TOTAL_AMOUNT.png
A	assets/cn/island_manufacture/ALAS_RECIPE_AMOUNT.png
A	assets/cn/island_manufacture/ALAS_RECIPE_AMOUNT_MAX.png
A	assets/cn/island_manufacture/ALAS_RECIPE_AMOUNT_MINUS.png
A	assets/cn/island_manufacture/ALAS_RECIPE_AMOUNT_PLUS.png
A	assets/cn/island_manufacture/ALAS_RECIPE_CHECK.png
A	assets/cn/island_manufacture/TEMPLATE_ALAS_RECIPE_ANCHOR.png
A	assets/cn/island_material_shop/ALAS_INFO_GOTO_SHOP.png
A	assets/cn/island_material_shop/ALAS_MATERIAL_SHOP_CHECK.png
A	assets/cn/island_material_shop/ALAS_SHOP_BUY_AMOUNT.png
A	assets/cn/island_material_shop/ALAS_SHOP_BUY_AMOUNT_MINUS_ONE.png
A	assets/cn/island_material_shop/ALAS_SHOP_BUY_AMOUNT_MINUS_TEN.png
A	assets/cn/island_material_shop/ALAS_SHOP_BUY_AMOUNT_PLUS_ONE.png
A	assets/cn/island_material_shop/ALAS_SHOP_BUY_AMOUNT_PLUS_TEN.png
A	assets/cn/island_material_shop/ALAS_SHOP_BUY_CHECK.png
A	assets/cn/island_material_shop/ALAS_SHOP_BUY_CONFIRM.png
A	assets/cn/meowfficer/TEMPLATE_MEOWFFICER_DETAIL_LOCKED.png
A	assets/cn/meowfficer/TEMPLATE_MEOWFFICER_DETAIL_TALENT_CHECK.png
A	assets/cn/meowfficer/TEMPLATE_MEOWFFICER_DETAIL_UNLOCKED.png
A	assets/cn/meowfficer/TEMPLATE_MEOWFFICER_TALENT_HURRICANE_EYE.png
A	assets/cn/ui/ALAS_ISLAND_GOTO_TECHNOLOGY.png
A	assets/cn/ui/ALAS_ISLAND_TECHNOLOGY_CHECK.png
A	assets/en/island_daily_order/ALAS_ORDER_ACCEPT.png
A	assets/en/island_daily_order/ALAS_ORDER_COOLDOWN_SPEED_UP.png
A	assets/en/island_daily_order/ALAS_ORDER_REJECT.png
A	assets/en/island_daily_order/ALAS_ORDER_URGENT_ACCEPT.png
A	assets/en/island_manufacture/ALAS_RECIPE_AMOUNT.png
A	assets/en/island_manufacture/ALAS_RECIPE_AMOUNT_MAX.png
A	assets/en/island_manufacture/ALAS_RECIPE_CHECK.png
A	assets/en/island_material_shop/ALAS_INFO_GOTO_SHOP.png
A	assets/en/island_material_shop/ALAS_SHOP_BUY_CHECK.png
A	assets/en/island_material_shop/ALAS_SHOP_BUY_CONFIRM.png
A	assets/en/ui/ALAS_ISLAND_TECHNOLOGY_CHECK.png
A	assets/gui/css/advanced-material-alas.css
A	assets/gui/css/alas-mobile.css
A	assets/gui/css/alas-pc.css
A	assets/gui/css/alas.css
A	assets/gui/css/bj.jpg
A	assets/gui/css/dark-advanced-material-overrides-alas.css
A	assets/gui/css/dark-alas.css
A	assets/gui/css/entry-alas.css
A	assets/gui/css/light-alas.css
A	assets/gui/icon/add.svg
A	assets/gui/icon/alas.svg
A	assets/gui/icon/develop.svg
A	assets/gui/icon/icon_1.png
A	assets/gui/icon/icon_2.png
A	assets/gui/icon/icon_3.png
A	assets/gui/icon/icon_4.png
A	assets/gui/icon/icon_5.png
A	assets/gui/icon/run.svg
A	assets/gui/icon/setting.svg
A	assets/gui/icon/status_error.svg
A	assets/gui/icon/status_running.svg
A	assets/gui/icon/status_update.svg
A	assets/gui/js/alas-utils.js
A	assets/jp/island_daily_order/ALAS_ORDER_ACCEPT.png
A	assets/jp/island_daily_order/ALAS_ORDER_COOLDOWN_SPEED_UP.png
A	assets/jp/island_daily_order/ALAS_ORDER_REJECT.png
A	assets/jp/island_daily_order/ALAS_ORDER_URGENT_ACCEPT.png
A	assets/jp/island_manufacture/ALAS_RECIPE_CHECK.png
A	assets/jp/island_manufacture/TEMPLATE_ALAS_RECIPE_ANCHOR.png
A	assets/jp/island_material_shop/ALAS_INFO_GOTO_SHOP.png
A	assets/jp/island_material_shop/ALAS_SHOP_BUY_AMOUNT_MINUS_TEN.png
A	assets/jp/island_material_shop/ALAS_SHOP_BUY_AMOUNT_PLUS_TEN.png
A	assets/jp/island_material_shop/ALAS_SHOP_BUY_CHECK.png
A	assets/jp/island_material_shop/ALAS_SHOP_BUY_CONFIRM.png
A	assets/jp/ui/ALAS_ISLAND_TECHNOLOGY_CHECK.png
M	assets/stats/opsi_item_names.json
A	assets/stats/opsi_reward_items/RepairPackFull.png
A	assets/stats/opsi_reward_items/RepairPackFull2.png
M	assets/stats/opsi_template_sources.json
A	assets/tw/island_daily_order/ALAS_ORDER_REJECT.png
A	assets/tw/island_manufacture/ALAS_RECIPE_AMOUNT_MAX.png
A	assets/tw/island_manufacture/ALAS_RECIPE_CHECK.png
A	assets/tw/island_material_shop/ALAS_SHOP_BUY_CHECK.png
A	assets/tw/island_material_shop/ALAS_SHOP_BUY_CONFIRM.png
A	assets/tw/ui/ALAS_ISLAND_TECHNOLOGY_CHECK.png
M	config/template.json
M	dev_tools/export_api_schema.py
A	dev_tools/opsi_host_broker.py
A	docs/merges/2026-10-03-upstream-dev.md
A	docs/merges/2026-10-04-upstream-dev.md
A	docs/merges/2026-10-05-plain-statistics.md
A	docs/merges/2026-10-05-upstream-dev-statistics.md
A	docs/merges/2026-10-05-upstream-dev.md
A	docs/merges/2026-10-06-upstream-dev.md
A	docs/merges/2026-10-08-upstream-dev.md
A	docs/merges/2026-10-09-custom-files.tsv
A	docs/merges/2026-10-09-island-planner-followup.md
A	docs/merges/2026-10-09-second-custom-files.tsv
A	docs/merges/2026-10-09-second-upstream-files.tsv
A	docs/merges/2026-10-09-upstream-dev-second.md
A	docs/merges/2026-10-09-upstream-dev.md
A	docs/merges/2026-10-09-upstream-files.tsv
A	docs/merges/2026-10-10-custom-files.tsv
A	docs/merges/2026-10-10-upstream-commits.tsv
A	docs/merges/2026-10-10-upstream-dev.md
A	docs/merges/2026-10-10-upstream-files.tsv
M	docs/modules/campaign.md
M	docs/modules/combat.md
M	docs/modules/config.md
M	docs/modules/device.md
M	docs/modules/entry/alas.md
M	docs/modules/game/commission.md
M	docs/modules/game/daily-maintenance.md
M	docs/modules/game/island.md
M	docs/modules/game/misc.md
M	docs/modules/game/shop.md
M	docs/modules/infra/deploy.md
M	docs/modules/infra/persistence.md
M	docs/modules/infra/statistics.md
M	docs/modules/map.md
M	docs/modules/os/auxiliary.md
M	docs/modules/os/index.md
M	docs/modules/os/scheduling-flowchart.md
M	docs/modules/ui.md
M	docs/modules/webui/api.md
M	docs/modules/webui/frontend.md
M	docs/modules/webui/index.md
M	docs/modules/webui/runtime.md
M	frontend/API.md
M	frontend/README.md
A	frontend/e2e/island-planner.spec.ts
A	frontend/e2e/legacy-meow-history.spec.ts
A	frontend/e2e/legacy-single-task.spec.ts
A	frontend/e2e/meowfficer-lock-advice.spec.ts
A	frontend/e2e/meowfficer-score-lock.spec.ts
A	frontend/e2e/meowfficer-start-current.spec.ts
M	frontend/e2e/mock.spec.ts
A	frontend/e2e/single-task/mock.spec.ts
M	frontend/e2e/stock-exchange/captcha.spec.ts
A	frontend/e2e/stock-overview-navigation.spec.ts
A	frontend/e2e/upstream-custom-preservation.spec.ts
M	frontend/mock/server.mjs
M	frontend/mock/state.mjs
M	frontend/mock/state.test.mjs
M	frontend/playwright.config.ts
A	frontend/playwright.legacy-single-task.config.ts
M	frontend/src/api/contract.json
M	frontend/src/api/generated.ts
M	frontend/src/api/types.ts
M	frontend/src/app/App.tsx
A	frontend/src/app/InstancePageActivities.tsx
M	frontend/src/app/background.ts
A	frontend/src/app/configTranslation.test.ts
A	frontend/src/app/configTranslation.ts
M	frontend/src/app/context.tsx
M	frontend/src/app/devOverride.ts
M	frontend/src/app/pageMotion.ts
M	frontend/src/app/theme.test.ts
M	frontend/src/app/theme.ts
A	frontend/src/components/EmulatorRuntimeStatus.test.tsx
A	frontend/src/components/EmulatorRuntimeStatus.tsx
A	frontend/src/components/IslandPlannerReport.css
A	frontend/src/components/IslandPlannerReport.test.tsx
A	frontend/src/components/IslandPlannerReport.tsx
A	frontend/src/components/IslandSuspendControl.tsx
A	frontend/src/components/LegacyApChart.tsx
M	frontend/src/components/LegacyRail.tsx
M	frontend/src/components/LogPanel.tsx
M	frontend/src/components/MaterialDetailModal.tsx
M	frontend/src/components/MeowfficerScorePanel.test.tsx
M	frontend/src/components/MeowfficerScorePanel.tsx
M	frontend/src/components/MonitorPanel.tsx
M	frontend/src/components/RightRail.tsx
M	frontend/src/components/SchedulerWidget.tsx
M	frontend/src/components/TaskNav.test.tsx
M	frontend/src/components/TaskNav.tsx
M	frontend/src/components/TaskQueue.test.ts
M	frontend/src/components/TaskQueue.tsx
A	frontend/src/components/meowfficerReportLoader.test.ts
A	frontend/src/components/meowfficerReportLoader.ts
A	frontend/src/i18n.legacyStats.ts
M	frontend/src/i18n.test.ts
M	frontend/src/i18n.ts
M	frontend/src/main.tsx
M	frontend/src/pages/Overview.tsx
M	frontend/src/pages/Statistics.tsx
A	frontend/src/pages/StatisticsLegacy.tsx
M	frontend/src/pages/StockExchange.tsx
M	frontend/src/pages/TaskConfig.tsx
M	frontend/src/pages/Updater.tsx
M	frontend/src/pages/stock-exchange.css
M	frontend/src/stock/App.tsx
M	frontend/src/stock/Charts.tsx
M	frontend/src/stock/useStockDetail.ts
M	frontend/src/styles/apple.css
M	frontend/src/styles/components.css
M	frontend/src/styles/layout.css
A	frontend/src/styles/legacy-ap-chart.css
A	frontend/src/styles/legacy-stats.css
M	frontend/src/styles/legacy.css
M	gui.py
M	module/api/android.py
M	module/api/android_update.py
M	module/api/app.py
M	module/api/background_service.py
M	module/api/config_service.py
A	module/api/island_suspend.py
M	module/api/launcher_api.py
A	module/api/launcher_routes.py
A	module/api/legacy_stats_service.py
M	module/api/lifecycle.py
A	module/api/meow_screenshot_service.py
M	module/api/meowfficer_service.py
M	module/api/protocol.py
A	module/api/restart_service.py
M	module/api/router.py
M	module/api/runtime_service.py
M	module/api/socket.py
M	module/api/stock_exchange_identity.py
A	module/api/windows_directory.py
M	module/azur_stats/image/auto_search_reward.py
M	module/azur_stats/scene/operation_siren.py
M	module/base/backup.py
M	module/base/device_id.py
M	module/campaign/campaign_ui.py
M	module/combat/auto_search_combat.py
M	module/commission/commission.py
A	module/commission/running_state.py
M	module/config/argument/args.json
M	module/config/argument/argument.yaml
M	module/config/argument/gui.yaml
M	module/config/argument/task.yaml
M	module/config/config.py
M	module/config/config_generated.py
M	module/config/config_updater.py
M	module/config/i18n/en-US.json
M	module/config/i18n/ja-JP.json
M	module/config/i18n/zh-CN.json
M	module/config/i18n/zh-MIAO.json
M	module/config/i18n/zh-TW.json
M	module/config/redirect_utils/shop.py
M	module/device/connection.py
M	module/device/screenshot.py
M	module/exercise/exercise.py
M	module/island/assets.py
A	module/island/data.py
A	module/island/fish_exchange.py
M	module/island/island.py
M	module/island/island_business.py
M	module/island/island_daily_order.py
M	module/island/island_farm.py
M	module/island/island_fishery.py
M	module/island/island_manufacture.py
M	module/island/island_mine_forest.py
M	module/island/island_rancher.py
M	module/island/island_restaurant.py
M	module/island/island_select_character.py
M	module/island/island_shop_base.py
M	module/island/island_teahouse.py
A	module/island/item_ids.py
A	module/island/manufacture_catalog.py
A	module/island/manufacture_selector.py
A	module/island/order.py
A	module/island/order_detail.py
A	module/island/order_dialogue.py
A	module/island/order_ocr.py
A	module/island/order_quota.py
A	module/island/order_selection.py
A	module/island/order_stock.py
A	module/island/planned_dispatch.py
A	module/island/planner_report.py
A	module/island/planner_utils.py
A	module/island/production_plan_calculator.py
A	module/island/production_planner.py
A	module/island/production_recipe_config.py
A	module/island/raw_catalog.py
A	module/island/recipe_groups.py
A	module/island/shop_selector.py
A	module/island/stock_probe.py
A	module/island/technology_scanner.py
A	module/island/utils.py
M	module/island/warehouse.py
M	module/island_business/assets.py
M	module/island_daily_order/assets.py
A	module/island_exchange/assets.py
M	module/island_manufacture/assets.py
A	module/island_material_shop/assets.py
M	module/map/map_operation.py
M	module/mcp/tools.py
M	module/meowfficer/assets.py
M	module/meowfficer/collect.py
M	module/meowfficer/collect_score.py
A	module/meowfficer/lock_recovery.py
A	module/meowfficer/lock_refresh.py
M	module/meowfficer/scan.py
A	module/meowfficer/scan_capture.py
A	module/meowfficer/scan_continuous.py
A	module/meowfficer/scan_coverage.py
A	module/meowfficer/scan_diagnostics.py
A	module/meowfficer/scan_level.py
A	module/meowfficer/scan_list.py
A	module/meowfficer/scan_next.py
A	module/meowfficer/scan_retry.py
A	module/meowfficer/scan_roster.py
A	module/meowfficer/scan_scroll.py
A	module/meowfficer/scan_talent_template.py
A	module/meowfficer/scan_title.py
M	module/meowfficer/scan_utils.py
A	module/meowfficer/score_lock.py
M	module/meowfficer/score_report.py
M	module/meowfficer/score_task.py
M	module/os/camera.py
M	module/os/fleet.py
M	module/os/map.py
M	module/os/tasks/daily.py
M	module/os/tasks/hazard_leveling.py
M	module/os/tasks/meowfficer_farming.py
M	module/os/tasks/scheduling.py
M	module/os_handler/action_point.py
M	module/os_handler/map_event.py
M	module/os_shop/shop.py
M	module/persistence/migration.py
M	module/private_quarters/interact.py
M	module/private_quarters/private_quarters.py
M	module/private_quarters/status.py
M	module/runtime/game_data.py
M	module/runtime/process_manager.py
A	module/runtime/single_task.py
M	module/runtime/updater.py
M	module/runtime/worker_events.py
M	module/shop_event/selector.py
M	module/shop_event/shop_event.py
M	module/statistics/azurstats.py
M	module/statistics/cl1_database.py
M	module/statistics/commission_income_stats.py
M	module/statistics/item.py
A	module/statistics/legacy_display.py
A	module/statistics/opsi_broker.py
M	module/statistics/opsi_keys.py
A	module/statistics/opsi_plain.py
M	module/statistics/opsi_secure.py
A	module/statistics/opsi_state.py
M	module/statistics/resource_stats.py
M	module/ui/assets.py
M	module/ui/page.py
M	module/ui/ui.py
A	module/webui/__init__.py
A	module/webui/ap_chart_theme.py
A	module/webui/api.py
A	module/webui/app.py
A	module/webui/app_cache.py
A	module/webui/app_dashboard.py
A	module/webui/app_dependencies.py
A	module/webui/app_developer_menu.py
A	module/webui/app_developer_settings.py
A	module/webui/app_developer_tools.py
A	module/webui/app_developer_update.py
A	module/webui/app_event_tools.py
A	module/webui/app_fleet_management.py
A	module/webui/app_helpers.py
A	module/webui/app_home.py
A	module/webui/app_instances.py
A	module/webui/app_island_planner_report.py
A	module/webui/app_lifecycle.py
A	module/webui/app_manage.py
A	module/webui/app_overview.py
A	module/webui/app_shell.py
A	module/webui/app_stat_action_point.py
A	module/webui/app_stat_action_point_toolbar.py
A	module/webui/app_stat_commission.py
A	module/webui/app_stat_opsi.py
A	module/webui/app_stat_opsi_export.py
A	module/webui/app_stat_resource.py
A	module/webui/app_stat_ship.py
A	module/webui/app_statistics_page.py
A	module/webui/app_task_config.py
A	module/webui/app_types.py
A	module/webui/base.py
A	module/webui/config.py
A	module/webui/config_search.py
A	module/webui/dashboard_utils.py
A	module/webui/deploy_settings.py
A	module/webui/discord_presence.py
A	module/webui/event_calculator.py
A	module/webui/fake_pil_module.py
A	module/webui/fastapi.py
A	module/webui/lang.py
A	module/webui/launcher.py
A	module/webui/launcher_trust.py
A	module/webui/mcp_auth.py
A	module/webui/obs_overlay.html
A	module/webui/oobe.py
A	module/webui/password_utils.py
A	module/webui/patch.py
A	module/webui/pin.py
A	module/webui/process_manager.py
A	module/webui/remote_access.py
A	module/webui/scheduler_stop.py
A	module/webui/setting.py
A	module/webui/stat_icon.py
A	module/webui/translate.py
A	module/webui/updater.py
A	module/webui/utils.py
A	module/webui/warmup.py
A	module/webui/widgets.py
A	module/webui/worker_registry.py
M	pyproject.toml
A	tests/fixtures/auto_search_menu_recovery/README.md
A	tests/fixtures/auto_search_menu_recovery/continue_1440p.png
A	tests/fixtures/auto_search_menu_recovery/exit_1440p.png
A	tests/fixtures/island_food_dispatch/selection_amount_4_duration_2h.png
A	tests/fixtures/island_manufacture/README.md
A	tests/fixtures/island_manufacture/cheese_milk_counter.png
A	tests/fixtures/island_manufacture/farm_selected_wheat.png
A	tests/fixtures/island_manufacture/selected_cheese.png
A	tests/fixtures/island_manufacture/selected_corn_cup.png
A	tests/fixtures/island_order_detail/README.md
A	tests/fixtures/island_order_detail/hermo_text.png
A	tests/fixtures/island_order_detail/lucy_text.png
A	tests/fixtures/island_order_detail/melie_text.png
A	tests/fixtures/island_order_detail/poultry_text.png
A	tests/fixtures/island_order_dialogue/README.md
A	tests/fixtures/island_order_dialogue/dialogue_attached_l.png
A	tests/fixtures/island_order_dialogue/dialogue_edges.png
A	tests/fixtures/island_order_ocr/README.md
A	tests/fixtures/island_order_ocr/cabbage_name.png
A	tests/fixtures/island_order_ocr/poultry_name.png
A	tests/fixtures/island_order_ocr/practical_wood_name.png
A	tests/fixtures/island_order_quota/README.md
A	tests/fixtures/island_order_quota/remaining_10.png
A	tests/fixtures/island_order_quota/remaining_11.png
A	tests/fixtures/island_order_quota/synthetic_remaining_0.png
A	tests/fixtures/island_order_selection/README.md
A	tests/fixtures/island_order_selection/regular_0302_occluded_corners.png
A	tests/fixtures/island_order_selection/regular_0719_complete_corners.png
A	tests/fixtures/island_order_selection/regular_0719_dialogue_corners.png
A	tests/fixtures/island_order_selection/regular_0719_map_noise_corners.png
A	tests/fixtures/island_order_selection/selected_corners.png
A	tests/fixtures/island_order_selection/unselected_corners.png
A	tests/fixtures/island_order_selection/urgent_0701_corners.png
A	tests/fixtures/island_ranch_planner/README.md
A	tests/fixtures/island_ranch_planner/working_sheep_with_collection.png
A	tests/fixtures/meowfficer/static_attributes_180_171_190.png
M	tests/fixtures/opsi_requested_items/README.md
A	tests/fixtures/opsi_requested_items/repair_pack_full_storage.png
M	tests/opsi_test_support.py
A	tests/pywebio_stubs.py
M	tests/serve_frontend.py
A	tests/serve_legacy_run_once.py
A	tests/test_action_point_oil_purchase.py
M	tests/test_alas_error_handling.py
M	tests/test_api.py
A	tests/test_api_launcher_routes.py
A	tests/test_api_meowfficer_report.py
A	tests/test_api_restart.py
A	tests/test_auto_search_menu_recovery.py
A	tests/test_auto_search_tier.py
A	tests/test_campaign_entrance_refresh.py
A	tests/test_cl1_read_cache.py
M	tests/test_coins_thinning.py
A	tests/test_commission_income_record.py
A	tests/test_commission_recent_entries.py
M	tests/test_commission_settlement.py
A	tests/test_device_id_fast_path.py
M	tests/test_drop_cleanup.py
A	tests/test_emulator_status.py
A	tests/test_emulator_uptime.py
A	tests/test_event_shop_quantity_compat.py
A	tests/test_exercise_opponent_selection.py
M	tests/test_farming_event_stop.py
M	tests/test_frontend_static.py
M	tests/test_game_data.py
M	tests/test_gui_supervisor_exit.py
A	tests/test_island_alas_order.py
A	tests/test_island_business_confirm.py
A	tests/test_island_business_navigation.py
A	tests/test_island_character_filter.py
A	tests/test_island_fish_exchange.py
A	tests/test_island_food_dispatch.py
A	tests/test_island_food_recipe_limits.py
M	tests/test_island_goto_management.py
A	tests/test_island_manufacture_bridge.py
A	tests/test_island_manufacture_selector.py
A	tests/test_island_material_shop.py
A	tests/test_island_order_detail.py
A	tests/test_island_order_dialogue.py
A	tests/test_island_order_ocr_regression.py
A	tests/test_island_order_quota.py
A	tests/test_island_order_quota_schedule.py
A	tests/test_island_order_selection.py
A	tests/test_island_order_stock.py
A	tests/test_island_order_submit.py
A	tests/test_island_planned_dispatch.py
A	tests/test_island_planned_food_materials.py
A	tests/test_island_planner_persistence.py
A	tests/test_island_planner_report.py
A	tests/test_island_planner_report_hooks.py
A	tests/test_island_post_open_swipe.py
A	tests/test_island_production_planner.py
A	tests/test_island_ranch_planner_collection.py
M	tests/test_island_shop_production.py
A	tests/test_island_stock_probe.py
A	tests/test_island_suspend.py
A	tests/test_island_task_alignment.py
A	tests/test_island_technology_scanner.py
A	tests/test_island_upstream_fixes.py
A	tests/test_island_walk_switch.py
A	tests/test_island_warehouse_batch.py
A	tests/test_item_amount_ocr_filter.py
A	tests/test_legacy_stats_service.py
M	tests/test_mcp_tools.py
A	tests/test_meow_loot_folders.py
A	tests/test_meow_loot_monthly_totals.py
A	tests/test_meow_reward_pages.py
A	tests/test_meow_screenshot_service.py
A	tests/test_meowfficer_collect_score.py
A	tests/test_meowfficer_current_identity.py
A	tests/test_meowfficer_current_start_lock.py
A	tests/test_meowfficer_detail_lock_assets.py
A	tests/test_meowfficer_empty_tail.py
A	tests/test_meowfficer_full_title.py
A	tests/test_meowfficer_level.py
A	tests/test_meowfficer_live_report.py
A	tests/test_meowfficer_lock_recovery.py
A	tests/test_meowfficer_lock_recovery_flow.py
A	tests/test_meowfficer_lock_refresh.py
A	tests/test_meowfficer_lock_transition.py
A	tests/test_meowfficer_periodic_lock_refresh.py
M	tests/test_meowfficer_scan.py
A	tests/test_meowfficer_scan_capture.py
A	tests/test_meowfficer_scan_continuous.py
A	tests/test_meowfficer_scan_coverage.py
A	tests/test_meowfficer_scan_current.py
A	tests/test_meowfficer_scan_diagnostics.py
A	tests/test_meowfficer_scan_list.py
A	tests/test_meowfficer_scan_lock_flow.py
A	tests/test_meowfficer_scan_next.py
A	tests/test_meowfficer_scan_retry.py
A	tests/test_meowfficer_scan_roster.py
A	tests/test_meowfficer_score_failure.py
A	tests/test_meowfficer_score_lock.py
A	tests/test_meowfficer_scroll_endpoints.py
A	tests/test_meowfficer_scroll_inheritance.py
A	tests/test_meowfficer_split_title.py
A	tests/test_meowfficer_swipe_flow.py
A	tests/test_meowfficer_swipe_history.py
A	tests/test_meowfficer_swipe_scroll.py
A	tests/test_meowfficer_switch_observation.py
A	tests/test_meowfficer_talent_template.py
A	tests/test_ocr_device_priority.py
A	tests/test_opsi_drop_save_filter.py
M	tests/test_opsi_drop_scene.py
M	tests/test_opsi_explore_cleanup.py
M	tests/test_opsi_fixed_patrol_escalation.py
A	tests/test_opsi_hazard1_radar_precheck.py
M	tests/test_opsi_item_recognition.py
M	tests/test_opsi_key_providers.py
A	tests/test_opsi_map_scan_coverage.py
M	tests/test_opsi_month_end_cleanup.py
A	tests/test_opsi_plain.py
A	tests/test_opsi_preservation_policy.py
M	tests/test_opsi_secure.py
M	tests/test_opsi_secure_real.py
A	tests/test_opsi_zone_recovery.py
A	tests/test_persistence_backup_paths.py
A	tests/test_private_quarters_daily_count.py
M	tests/test_private_quarters_interact.py
A	tests/test_private_quarters_room_ready.py
M	tests/test_process_control.py
M	tests/test_process_manager.py
M	tests/test_research_stats.py
M	tests/test_resource_timeline_window.py
M	tests/test_scheduler_recovery.py
A	tests/test_screenshot_save.py
M	tests/test_shop_upstream.py
A	tests/test_single_task.py
A	tests/test_soft_stop.py
M	tests/test_statistics_amount_digits.py
M	tests/test_statistics_instance_isolation.py
M	tests/test_statistics_reading.py
M	tests/test_statistics_transactions.py
A	tests/test_ui_island_management_entry.py
A	tests/test_upstream_runtime_fusion.py
A	tests/test_webui_ap_chart_theme.py
A	tests/test_webui_branch_watermark.py
A	tests/test_webui_chart_canvas_scale.py
A	tests/test_webui_config_search.py
A	tests/test_webui_developer_tools.py
A	tests/test_webui_island_planner_report.py
A	tests/test_webui_oobe_server_names.py
A	tests/test_webui_opsi_rounds_display.py
A	tests/test_webui_performance.py
A	tests/test_webui_run_once.py
A	tests/test_webui_scheduler_switch.py
A	tests/test_webui_stat_buttons.py
A	tests/test_webui_stat_commission.py
A	tests/test_webui_static_assets.py
A	tests/test_webui_statistics_page.py
A	tests/test_webui_undefined_names.py
A	tests/test_webui_warmup.py
A	tests/test_windows_directory.py
M	tests/test_worker_events.py
M	uv.lock
A	webapp/ap_chart.js
A	webapp/ap_chart_panel.html
A	webapp/copyable_device_id.html
A	webapp/muted_notice.html
A	webapp/recommendation_box.html
A	webapp/resource_chart.html
A	webapp/resource_chart.js
A	webapp/simple_table.html
A	webapp/title_block.html
A	定制化修改清单.md
